"","sample","ProportionOverlap","TotalPeakCoverage","UniqueBase","TotalPeaks","PercentageOverlapPeaks"
"1","CNR",0.486393616031792,80076088,19985378,96225,60.9041309431021
"2","CHIP",0.675023730728802,57699450,9602787,82284,71.2228379757912
