"","sample","ProportionOverlap","TotalPeakCoverage","UniqueBase","TotalPeaks","PercentageOverlapPeaks"
"1","CNR",0.63025970371452,53610862,12151461,89682,66.8383845141723
"2","CHIP",0.433200709757143,77997947,23876928,111493,53.7630165122474
