"","sample","ProportionOverlap","TotalPeakCoverage","UniqueBase"
"1","CNR",0.117598777935643,23839661,17062638
"2","CHIP",0.0168904995825174,165981769,160196930
