"","sample","ProportionOverlap","TotalPeakCoverage","UniqueBase"
"1","CNR",0.0500081677136924,67785187,56378711
"2","CHIP",0.0393301919268413,86188570,80043857
