"","sample","ProportionOverlap","TotalPeakCoverage","UniqueBase"
"1","CNR",0.155452766089193,48106529,30454603
"2","CHIP",0.0597678991230919,125122233,111310350
