"","sample","ProportionOverlap","TotalPeakCoverage","UniqueBase"
"1","CNR",0.416104292270549,67865969,16131868
"2","CHIP",0.774720445117226,36450982,4592935
