"","sample","ProportionOverlap","TotalPeakCoverage","UniqueBase"
"1","CNR",0.444273067313806,60791853,16327548
"2","CHIP",0.712033511537354,37931056,6620036
